N;Year;Temperature;Rivers;Salinity
0;2021;13.9;31.9;14.8
0;2022;13.3;24.6;14.7
0;2023;12.5;27.8;14.7
0;2024;13.4;23.0;14.8
0;2025;14.1;43.9;14.3
0;2026;13.5;24.4;14.1
0;2027;13.6;35.1;14.0
0;2028;13.5;24.2;14.0
0;2029;15.3;27.1;14.1
0;2030;13.8;30.5;14.0
1;2021;14.6;42.8;14.5
1;2022;13.8;43.9;13.7
1;2023;13.0;44.3;13.0
1;2024;13.8;45.8;12.4
1;2025;14.4;32.9;12.2
1;2026;14.3;39.2;12.0
1;2027;13.2;31.3;12.0
1;2028;14.2;32.7;12.1
1;2029;13.7;25.1;12.4
1;2030;14.0;37.6;12.3
2;2021;14.4;39.3;14.6
2;2022;13.8;30.4;14.3
2;2023;12.9;33.7;14.0
2;2024;13.9;22.0;14.1
2;2025;14.6;32.6;14.1
2;2026;13.4;24.2;14.1
2;2027;13.9;29.4;14.1
2;2028;14.0;28.0;14.1
2;2029;14.6;27.1;14.1
2;2030;13.8;26.1;14.2
3;2021;14.3;36.7;14.6
3;2022;13.9;31.3;14.3
3;2023;13.6;31.8;14.1
3;2024;13.1;21.8;14.2
3;2025;14.4;33.3;14.2
3;2026;13.4;28.9;14.0
3;2027;14.4;22.7;14.2
3;2028;13.5;18.4;14.5
3;2029;14.7;28.1;14.6
3;2030;14.2;47.2;14.0
4;2021;13.7;28.8;14.9
4;2022;13.0;21.6;14.9
4;2023;12.5;17.2;15.2
4;2024;13.5;37.4;15.0
4;2025;13.0;58.6;13.8
4;2026;13.8;50.6;12.7
4;2027;14.9;34.9;12.3
4;2028;14.6;42.7;12.0
4;2029;13.8;42.4;11.6
4;2030;14.1;42.5;11.3
5;2021;13.0;21.2;15.1
5;2022;13.7;29.5;15.0
5;2023;12.3;26.6;14.9
5;2024;14.1;25.5;14.9
5;2025;14.0;16.2;15.2
5;2026;13.7;26.4;15.3
5;2027;14.3;23.1;15.3
5;2028;14.0;27.8;15.2
5;2029;13.0;18.9;15.3
5;2030;14.0;28.8;15.3
6;2021;14.2;35.0;14.7
6;2022;13.8;30.9;14.4
6;2023;13.6;21.3;14.5
6;2024;13.8;24.3;14.7
6;2025;13.5;29.1;14.6
6;2026;13.6;22.4;14.7
6;2027;13.3;22.4;14.9
6;2028;13.3;22.7;15.0
6;2029;14.3;25.2;15.0
6;2030;13.6;31.1;14.9
7;2021;13.7;28.5;14.9
7;2022;13.4;37.1;14.5
7;2023;13.0;37.7;14.0
7;2024;13.6;35.9;13.6
7;2025;14.3;39.3;13.2
7;2026;14.3;39.5;12.8
7;2027;13.9;33.3;12.7
7;2028;13.9;41.0;12.4
7;2029;14.2;40.7;12.0
7;2030;14.2;33.8;11.9
8;2021;13.6;27.6;14.9
8;2022;13.6;28.0;14.8
8;2023;12.8;27.9;14.7
8;2024;12.8;23.6;14.7
8;2025;14.1;26.3;14.8
8;2026;13.6;29.4;14.7
8;2027;13.8;27.1;14.6
8;2028;14.1;27.4;14.6
8;2029;13.9;24.1;14.6
8;2030;14.3;22.9;14.7
9;2021;13.5;26.6;14.9
9;2022;13.7;29.0;14.8
9;2023;13.7;22.0;14.9
9;2024;14.1;30.1;14.8
9;2025;13.6;19.7;14.9
9;2026;14.1;27.5;14.9
9;2027;13.3;24.1;14.9
9;2028;13.7;32.9;14.8
9;2029;13.4;22.7;14.7
9;2030;14.1;29.3;14.7
10;2021;13.6;27.8;14.9
10;2022;13.1;22.7;14.9
10;2023;13.1;37.6;14.6
10;2024;13.6;27.4;14.4
10;2025;14.8;16.2;14.7
10;2026;13.9;22.5;15.0
10;2027;13.8;22.2;15.1
10;2028;13.4;19.5;15.3
10;2029;13.0;20.8;15.5
10;2030;13.6;17.3;15.7
11;2021;13.1;22.2;15.1
11;2022;13.4;25.7;15.1
11;2023;12.6;28.8;15.0
11;2024;14.1;26.9;14.9
11;2025;14.2;25.6;14.9
11;2026;13.9;33.0;14.6
11;2027;13.4;33.2;14.3
11;2028;13.6;23.3;14.4
11;2029;14.0;20.9;14.6
11;2030;14.5;27.9;14.6
12;2021;12.7;18.5;15.2
12;2022;13.9;31.4;15.1
12;2023;12.8;22.4;15.0
12;2024;14.3;23.5;15.1
12;2025;13.6;22.8;15.2
12;2026;13.6;20.1;15.4
12;2027;14.2;37.8;15.1
12;2028;13.8;29.5;14.7
12;2029;13.8;18.1;14.9
12;2030;13.3;30.1;14.9
13;2021;13.5;26.9;14.9
13;2022;13.1;22.9;15.0
13;2023;13.5;21.9;15.1
13;2024;13.8;27.5;15.1
13;2025;13.5;21.9;15.1
13;2026;13.9;21.8;15.3
13;2027;13.4;36.1;15.0
13;2028;13.5;23.0;14.9
13;2029;13.7;30.1;14.8
13;2030;13.5;22.0;14.8
14;2021;14.0;32.3;14.8
14;2022;14.2;35.8;14.4
14;2023;13.7;34.3;14.0
14;2024;13.8;27.0;14.0
14;2025;14.3;21.0;14.2
14;2026;13.1;29.9;14.2
14;2027;13.3;24.2;14.3
14;2028;14.1;37.0;14.1
14;2029;14.0;19.2;14.2
14;2030;13.8;15.0;14.7
15;2021;13.1;22.2;15.1
15;2022;12.9;20.4;15.2
15;2023;13.0;30.1;15.1
15;2024;13.1;23.2;15.1
15;2025;14.3;40.2;14.7
15;2026;13.5;26.5;14.5
15;2027;14.8;25.0;14.5
15;2028;13.8;22.6;14.7
15;2029;14.3;24.0;14.8
15;2030;13.6;25.3;14.8
16;2021;13.3;24.1;15.0
16;2022;13.0;21.7;15.1
16;2023;13.7;49.1;14.5
16;2024;13.3;31.9;14.0
16;2025;15.0;43.8;13.5
16;2026;13.7;26.4;13.3
16;2027;14.2;25.9;13.5
16;2028;12.9;38.8;13.3
16;2029;13.9;32.3;13.1
16;2030;14.0;48.2;12.6
17;2021;13.0;21.4;15.1
17;2022;12.8;19.9;15.3
17;2023;12.3;18.7;15.5
17;2024;12.9;18.6;15.8
17;2025;13.3;30.4;15.6
17;2026;14.2;25.1;15.5
17;2027;14.1;19.5;15.6
17;2028;13.7;26.0;15.6
17;2029;13.4;26.5;15.4
17;2030;13.9;24.0;15.4
18;2021;13.6;27.8;14.9
18;2022;13.4;37.0;14.5
18;2023;13.1;33.6;14.2
18;2024;13.9;39.1;13.7
18;2025;13.7;50.8;13.0
18;2026;13.9;37.2;12.5
18;2027;13.4;38.0;12.2
18;2028;13.9;36.3;12.1
18;2029;14.9;37.6;11.9
18;2030;13.9;37.7;11.8
19;2021;13.1;22.8;15.0
19;2022;13.3;24.3;15.1
19;2023;13.0;28.3;15.0
19;2024;14.0;31.8;14.8
19;2025;14.1;19.3;14.9
19;2026;14.3;29.7;14.9
19;2027;13.1;22.8;14.9
19;2028;14.1;26.5;14.9
19;2029;14.0;19.4;15.1
19;2030;13.7;21.5;15.3
20;2021;13.3;24.7;15.0
20;2022;12.8;19.6;15.2
20;2023;12.9;31.9;15.0
20;2024;13.3;32.3;14.7
20;2025;14.4;27.3;14.6
20;2026;14.3;42.0;14.1
20;2027;13.8;47.3;13.3
20;2028;13.8;39.7;12.8
20;2029;13.2;35.6;12.6
20;2030;14.2;31.8;12.5
21;2021;13.1;22.6;15.0
21;2022;13.3;24.5;15.1
21;2023;13.2;38.9;14.7
21;2024;13.4;24.2;14.6
21;2025;14.9;25.9;14.6
21;2026;13.6;20.6;14.8
21;2027;13.8;32.3;14.7
21;2028;13.2;27.1;14.6
21;2029;13.9;24.4;14.6
21;2030;13.7;53.0;13.9
22;2021;12.8;19.3;15.1
22;2022;13.4;25.2;15.2
22;2023;12.8;20.5;15.3
22;2024;13.3;27.1;15.3
22;2025;13.4;24.7;15.3
22;2026;13.9;32.6;15.0
22;2027;13.7;22.8;15.0
22;2028;14.4;32.3;14.8
22;2029;14.0;19.2;14.9
22;2030;14.5;37.2;14.7
23;2021;14.0;32.6;14.8
23;2022;13.5;27.3;14.6
23;2023;12.7;34.5;14.4
23;2024;13.9;16.1;14.6
23;2025;14.6;23.6;14.8
23;2026;12.7;33.5;14.6
23;2027;13.4;28.3;14.5
23;2028;13.8;28.0;14.4
23;2029;13.9;23.2;14.5
23;2030;14.5;22.5;14.7
24;2021;13.8;29.8;14.8
24;2022;13.7;28.7;14.7
24;2023;12.9;28.5;14.6
24;2024;13.8;27.4;14.5
24;2025;14.2;20.0;14.7
24;2026;13.9;31.2;14.7
24;2027;12.8;24.3;14.6
24;2028;14.0;25.9;14.7
24;2029;13.5;39.4;14.3
24;2030;14.4;23.4;14.2
25;2021;13.6;27.5;14.9
25;2022;14.0;33.6;14.6
25;2023;12.9;24.7;14.6
25;2024;13.8;21.8;14.7
25;2025;13.8;18.7;15.0
25;2026;13.4;19.7;15.3
25;2027;13.4;15.0;15.6
25;2028;14.3;26.4;15.7
25;2029;13.3;28.0;15.5
25;2030;13.3;22.4;15.5
26;2021;13.7;28.4;14.9
26;2022;14.3;37.6;14.5
26;2023;12.9;18.9;14.5
26;2024;13.8;21.9;14.8
26;2025;13.2;31.3;14.7
26;2026;13.4;28.6;14.6
26;2027;13.4;29.9;14.4
26;2028;14.3;36.0;14.1
26;2029;14.5;40.6;13.6
26;2030;14.2;35.4;13.3
27;2021;12.7;18.8;15.2
27;2022;13.5;27.2;15.2
27;2023;12.2;25.2;15.1
27;2024;13.7;24.6;15.1
27;2025;13.9;33.4;14.9
27;2026;13.7;22.0;14.9
27;2027;13.3;28.1;14.9
27;2028;13.6;30.8;14.7
27;2029;14.7;23.8;14.7
27;2030;13.5;30.3;14.6
28;2021;13.3;24.8;15.0
28;2022;13.6;28.1;14.9
28;2023;13.0;20.7;15.0
28;2024;13.3;26.8;15.0
28;2025;13.4;25.1;15.0
28;2026;13.9;22.3;15.1
28;2027;13.9;21.5;15.2
28;2028;13.3;24.5;15.3
28;2029;14.0;38.8;14.9
28;2030;13.6;50.9;13.9
29;2021;13.7;29.4;14.9
29;2022;13.0;21.5;14.9
29;2023;13.5;26.3;15.0
29;2024;13.7;22.7;15.0
29;2025;14.0;21.1;15.2
29;2026;13.5;26.7;15.2
29;2027;13.9;38.0;14.8
29;2028;13.5;20.0;14.7
29;2029;13.6;26.0;14.8
29;2030;14.0;21.9;14.9
30;2021;13.9;31.3;14.8
30;2022;13.0;22.1;14.8
30;2023;13.4;26.7;14.9
30;2024;13.9;24.5;14.9
30;2025;14.0;30.2;14.8
30;2026;13.6;18.4;14.9
30;2027;14.1;27.7;15.0
30;2028;13.2;27.7;14.9
30;2029;14.4;33.3;14.6
30;2030;13.1;26.8;14.5
31;2021;13.1;22.8;15.0
31;2022;13.2;23.7;15.1
31;2023;13.5;32.8;14.9
31;2024;13.5;24.9;14.8
31;2025;14.5;27.0;14.8
31;2026;13.7;39.1;14.4
31;2027;12.8;36.9;13.9
31;2028;13.0;28.4;13.8
31;2029;14.2;41.4;13.4
31;2030;14.0;32.7;13.2
32;2021;13.4;25.2;15.0
32;2022;13.1;22.5;15.1
32;2023;13.2;26.8;15.0
32;2024;13.5;19.5;15.2
32;2025;14.0;20.9;15.4
32;2026;13.1;31.6;15.2
32;2027;14.3;26.7;15.0
32;2028;13.5;33.4;14.8
32;2029;13.6;34.5;14.4
32;2030;13.5;51.3;13.6
33;2021;12.3;15.9;15.2
33;2022;12.9;20.4;15.5
33;2023;13.8;23.2;15.6
33;2024;14.0;17.6;15.7
33;2025;13.7;29.0;15.7
33;2026;12.9;23.1;15.6
33;2027;12.9;22.5;15.6
33;2028;14.0;26.0;15.6
33;2029;14.3;36.0;15.2
33;2030;13.7;28.6;14.9
34;2021;12.5;17.4;15.2
34;2022;13.5;26.9;15.3
34;2023;12.5;30.3;15.0
34;2024;13.4;34.0;14.7
34;2025;13.9;33.7;14.4
34;2026;13.4;43.5;13.8
34;2027;13.5;37.7;13.3
34;2028;14.2;28.4;13.2
34;2029;13.7;62.0;12.4
34;2030;13.3;42.2;11.6
35;2021;12.9;20.5;15.1
35;2022;13.2;23.7;15.2
35;2023;12.9;23.6;15.3
35;2024;13.6;25.3;15.3
35;2025;13.7;26.2;15.2
35;2026;13.7;49.4;14.5
35;2027;13.8;44.2;13.6
35;2028;14.5;42.5;13.0
35;2029;14.0;24.4;13.0
35;2030;14.1;16.5;13.5
36;2021;13.0;21.4;15.1
36;2022;13.6;39.8;14.7
36;2023;13.0;43.5;14.0
36;2024;14.0;31.8;13.6
36;2025;14.3;29.4;13.6
36;2026;13.3;30.9;13.6
36;2027;13.3;31.0;13.5
36;2028;13.5;30.5;13.4
36;2029;13.4;35.8;13.3
36;2030;13.4;36.3;13.0
37;2021;13.0;21.8;15.1
37;2022;13.6;28.4;15.0
37;2023;13.2;25.7;15.0
37;2024;14.3;22.0;15.1
37;2025;13.9;33.0;14.9
37;2026;13.4;19.6;14.9
37;2027;13.2;28.0;15.0
37;2028;13.6;37.9;14.6
37;2029;14.6;22.3;14.5
37;2030;13.3;22.3;14.7
38;2021;13.4;25.1;15.0
38;2022;12.3;16.2;15.2
38;2023;13.3;29.7;15.2
38;2024;13.0;19.7;15.3
38;2025;14.3;18.2;15.5
38;2026;13.1;30.6;15.4
38;2027;13.7;31.1;15.1
38;2028;14.4;22.7;15.1
38;2029;13.2;25.5;15.1
38;2030;14.3;32.1;14.9
39;2021;13.7;29.0;14.9
39;2022;14.3;38.0;14.5
39;2023;12.7;33.0;14.1
39;2024;14.0;28.9;14.0
39;2025;14.5;25.0;14.1
39;2026;14.0;28.1;14.1
39;2027;13.9;23.9;14.2
39;2028;14.9;38.5;14.0
39;2029;14.0;45.0;13.3
39;2030;14.1;32.8;13.0
40;2021;14.1;34.1;14.7
40;2022;13.0;21.3;14.7
40;2023;13.4;28.6;14.7
40;2024;13.1;25.8;14.7
40;2025;14.2;22.2;14.8
40;2026;13.8;20.5;15.0
40;2027;13.2;24.9;15.1
40;2028;13.4;26.0;15.1
40;2029;13.7;26.0;15.0
40;2030;13.4;24.8;15.0
41;2021;12.4;16.4;15.2
41;2022;13.4;37.7;15.0
41;2023;13.7;47.6;14.1
41;2024;13.4;33.4;13.7
41;2025;13.6;29.6;13.6
41;2026;13.8;25.8;13.7
41;2027;14.1;31.0;13.7
41;2028;13.8;25.6;13.7
41;2029;14.5;23.0;14.0
41;2030;13.9;19.1;14.3
42;2021;13.0;21.7;15.1
42;2022;13.9;32.1;14.9
42;2023;13.3;25.4;14.8
42;2024;13.1;42.0;14.4
42;2025;13.9;23.2;14.2
42;2026;14.9;21.9;14.5
42;2027;14.1;26.5;14.6
42;2028;14.5;21.0;14.7
42;2029;13.8;26.9;14.8
42;2030;13.5;25.6;14.8
43;2021;13.2;22.9;15.0
43;2022;12.7;19.3;15.2
43;2023;13.2;38.2;14.9
43;2024;13.6;58.5;13.8
43;2025;14.0;37.8;13.1
43;2026;14.9;40.1;12.7
43;2027;13.3;27.9;12.7
43;2028;14.0;28.6;12.8
43;2029;14.1;21.8;13.2
43;2030;14.1;24.5;13.5
44;2021;13.2;22.9;15.0
44;2022;13.3;24.2;15.1
44;2023;12.9;32.9;14.9
44;2024;13.8;32.7;14.6
44;2025;14.5;20.0;14.7
44;2026;14.3;25.1;14.8
44;2027;13.8;19.3;15.0
44;2028;13.1;19.3;15.3
44;2029;13.5;24.2;15.3
44;2030;13.9;29.4;15.2
45;2021;13.1;22.2;15.1
45;2022;13.5;26.3;15.1
45;2023;12.6;21.9;15.1
45;2024;13.9;21.9;15.3
45;2025;13.5;24.1;15.3
45;2026;13.4;45.9;14.7
45;2027;13.7;41.7;13.9
45;2028;14.6;25.8;13.8
45;2029;13.9;36.4;13.6
45;2030;15.3;32.4;13.4
46;2021;13.6;27.9;14.9
46;2022;13.6;28.5;14.8
46;2023;13.2;25.9;14.7
46;2024;13.8;29.7;14.6
46;2025;13.9;21.7;14.7
46;2026;14.1;24.7;14.8
46;2027;12.7;25.1;14.9
46;2028;14.0;16.3;15.1
46;2029;13.7;22.9;15.3
46;2030;13.8;22.0;15.4
47;2021;12.8;19.4;15.1
47;2022;14.1;35.1;14.9
47;2023;13.1;20.4;14.9
47;2024;13.9;24.4;15.0
47;2025;13.4;34.4;14.8
47;2026;13.6;23.9;14.7
47;2027;13.8;24.6;14.8
47;2028;14.6;23.0;14.9
47;2029;14.7;27.4;14.9
47;2030;13.7;23.3;14.9
48;2021;14.1;34.0;14.7
48;2022;13.1;22.8;14.7
48;2023;12.9;35.4;14.5
48;2024;13.6;36.4;14.1
48;2025;13.5;42.2;13.5
48;2026;12.9;32.1;13.2
48;2027;14.1;34.4;13.1
48;2028;13.4;37.3;12.9
48;2029;13.9;36.1;12.6
48;2030;13.9;22.2;12.9
49;2021;13.7;28.8;14.9
49;2022;14.1;34.9;14.6
49;2023;13.4;23.2;14.5
49;2024;12.8;34.8;14.3
49;2025;13.7;31.9;14.1
49;2026;14.5;37.2;13.8
49;2027;13.3;36.3;13.4
49;2028;13.8;35.4;13.1
49;2029;14.8;28.0;13.1
49;2030;13.9;35.4;13.1
50;2021;14.1;34.2;14.7
50;2022;13.3;24.4;14.6
50;2023;12.7;25.4;14.7
50;2024;13.0;24.5;14.7
50;2025;13.9;26.0;14.8
50;2026;13.7;21.8;14.9
50;2027;14.3;36.5;14.6
50;2028;14.0;22.6;14.6
50;2029;14.1;35.7;14.4
50;2030;13.5;29.8;14.2
51;2021;13.8;29.9;14.8
51;2022;13.6;27.7;14.7
51;2023;13.2;31.9;14.5
51;2024;13.9;21.5;14.6
51;2025;14.4;27.9;14.6
51;2026;13.3;21.2;14.7
51;2027;13.7;24.5;14.9
51;2028;14.6;18.6;15.1
51;2029;14.3;28.6;15.1
51;2030;13.5;28.8;14.9
52;2021;13.7;28.6;14.9
52;2022;12.7;19.1;15.0
52;2023;13.5;32.0;14.9
52;2024;13.5;23.6;14.9
52;2025;13.8;36.0;14.6
52;2026;14.1;43.1;14.0
52;2027;13.4;38.1;13.5
52;2028;13.8;36.1;13.1
52;2029;14.1;34.8;12.9
52;2030;13.8;44.4;12.5
53;2021;13.3;24.8;15.0
53;2022;12.9;20.5;15.1
53;2023;13.4;34.8;14.9
53;2024;13.3;28.0;14.7
53;2025;14.6;50.5;14.0
53;2026;14.0;40.2;13.3
53;2027;14.5;29.0;13.1
53;2028;14.0;35.2;13.0
53;2029;13.2;33.6;12.9
53;2030;13.8;33.3;12.8
54;2021;13.1;22.1;15.1
54;2022;13.0;21.6;15.2
54;2023;12.2;23.1;15.3
54;2024;13.5;21.7;15.4
54;2025;13.7;24.6;15.4
54;2026;13.4;21.2;15.5
54;2027;13.4;28.1;15.4
54;2028;14.2;28.6;15.2
54;2029;13.9;25.2;15.1
54;2030;13.5;17.9;15.3
55;2021;14.3;37.1;14.6
55;2022;13.6;27.6;14.4
55;2023;13.2;33.7;14.2
55;2024;12.5;34.9;13.9
55;2025;14.6;30.0;13.8
55;2026;14.5;25.9;13.8
55;2027;13.1;21.7;14.1
55;2028;13.5;25.0;14.3
55;2029;14.4;20.1;14.5
55;2030;13.9;26.3;14.6
56;2021;13.3;24.6;15.0
56;2022;13.4;25.3;15.0
56;2023;12.7;24.8;15.0
56;2024;13.4;24.2;15.1
56;2025;13.8;16.6;15.3
56;2026;13.6;25.9;15.4
56;2027;12.7;30.4;15.2
56;2028;13.8;23.9;15.1
56;2029;13.9;20.2;15.3
56;2030;13.6;28.3;15.2
57;2021;13.3;24.7;15.0
57;2022;12.9;21.0;15.1
57;2023;12.9;26.9;15.1
57;2024;13.5;28.2;15.0
57;2025;14.0;25.7;14.9
57;2026;14.0;23.8;15.0
57;2027;14.2;23.6;15.1
57;2028;13.9;32.6;14.9
57;2029;14.1;27.3;14.7
57;2030;13.7;25.3;14.7
58;2021;13.7;28.3;14.9
58;2022;13.5;26.8;14.8
58;2023;12.4;23.2;14.9
58;2024;13.6;18.6;15.1
58;2025;13.7;32.0;15.0
58;2026;13.0;21.6;15.0
58;2027;14.2;27.4;15.0
58;2028;13.7;22.4;15.1
58;2029;14.6;24.9;15.1
58;2030;13.5;23.2;15.2
59;2021;12.5;17.1;15.2
59;2022;13.1;22.4;15.4
59;2023;13.1;28.4;15.3
59;2024;13.7;19.9;15.4
59;2025;14.2;25.2;15.4
59;2026;13.2;31.2;15.2
59;2027;14.2;20.9;15.2
59;2028;13.2;28.8;15.1
59;2029;14.0;19.8;15.2
59;2030;14.4;26.6;15.2
60;2021;13.9;31.0;14.8
60;2022;14.2;35.5;14.4
60;2023;12.8;29.5;14.2
60;2024;13.5;17.4;14.5
60;2025;14.2;27.8;14.6
60;2026;12.8;29.6;14.5
60;2027;13.9;23.6;14.5
60;2028;14.1;26.3;14.6
60;2029;14.6;24.2;14.7
60;2030;13.9;31.4;14.5
61;2021;13.9;31.3;14.8
61;2022;13.7;29.4;14.6
61;2023;13.1;22.9;14.7
61;2024;13.9;26.4;14.7
61;2025;13.6;16.9;15.0
61;2026;13.8;27.3;15.1
61;2027;14.1;30.2;14.9
61;2028;13.6;26.0;14.8
61;2029;13.1;21.6;14.9
61;2030;14.1;37.0;14.6
62;2021;14.4;38.3;14.6
62;2022;13.6;27.4;14.4
62;2023;12.8;29.5;14.3
62;2024;13.3;28.2;14.2
62;2025;14.2;21.8;14.4
62;2026;14.0;22.4;14.6
62;2027;14.8;29.6;14.6
62;2028;13.9;39.9;14.1
62;2029;13.7;35.8;13.7
62;2030;13.6;31.7;13.5
63;2021;12.6;17.7;15.2
63;2022;12.4;16.9;15.5
63;2023;12.1;23.9;15.6
63;2024;13.8;23.3;15.6
63;2025;13.8;22.8;15.6
63;2026;13.5;29.8;15.5
63;2027;13.5;19.1;15.5
63;2028;14.1;26.0;15.5
63;2029;12.7;26.3;15.4
63;2030;14.1;30.1;15.2
64;2021;13.6;28.1;14.9
64;2022;13.5;26.3;14.8
64;2023;13.0;24.3;14.9
64;2024;14.3;38.9;14.5
64;2025;13.8;30.1;14.2
64;2026;13.9;26.8;14.2
64;2027;13.2;20.3;14.4
64;2028;13.9;25.0;14.6
64;2029;13.5;26.9;14.6
64;2030;13.8;24.1;14.7
65;2021;13.6;27.7;14.9
65;2022;13.6;28.4;14.8
65;2023;12.4;29.5;14.6
65;2024;13.4;26.9;14.6
65;2025;14.2;20.4;14.7
65;2026;13.9;37.8;14.5
65;2027;13.6;26.7;14.3
65;2028;13.8;22.8;14.5
65;2029;13.5;21.8;14.7
65;2030;14.8;29.3;14.6
66;2021;13.6;27.6;14.9
66;2022;13.3;24.4;14.9
66;2023;12.9;25.2;14.9
66;2024;14.3;25.7;14.9
66;2025;13.9;23.8;15.0
66;2026;13.8;23.7;15.0
66;2027;13.1;26.4;15.0
66;2028;13.7;27.9;14.9
66;2029;13.9;21.1;15.0
66;2030;13.7;25.4;15.1
67;2021;13.3;24.8;15.0
67;2022;13.0;21.3;15.1
67;2023;12.8;20.3;15.3
67;2024;13.2;25.5;15.3
67;2025;13.4;31.9;15.1
67;2026;12.8;29.4;14.9
67;2027;13.3;40.5;14.4
67;2028;13.2;20.6;14.3
67;2029;13.9;37.7;14.1
67;2030;14.6;26.0;14.0
68;2021;13.6;27.6;14.9
68;2022;13.6;27.5;14.8
68;2023;12.6;19.3;15.0
68;2024;13.9;55.6;14.2
68;2025;13.2;43.9;13.3
68;2026;14.8;44.0;12.7
68;2027;14.2;39.7;12.3
68;2028;14.2;39.7;12.0
68;2029;14.5;24.2;12.2
68;2030;13.6;42.0;12.1
69;2021;13.4;25.2;15.0
69;2022;13.9;32.4;14.8
69;2023;12.7;25.5;14.7
69;2024;12.6;38.1;14.4
69;2025;13.9;38.5;13.9
69;2026;13.8;33.3;13.6
69;2027;13.8;36.4;13.3
69;2028;13.5;43.7;12.8
69;2029;13.6;43.9;12.3
69;2030;13.1;28.1;12.2
70;2021;13.8;29.5;14.8
70;2022;13.5;26.6;14.8
70;2023;12.5;20.2;14.9
70;2024;13.2;25.4;15.0
70;2025;13.4;20.0;15.2
70;2026;13.7;21.7;15.3
70;2027;13.2;27.7;15.3
70;2028;13.4;24.9;15.2
70;2029;14.1;24.8;15.2
70;2030;14.5;20.3;15.3
71;2021;13.9;31.1;14.8
71;2022;13.4;36.9;14.4
71;2023;12.9;43.3;13.8
71;2024;13.8;39.1;13.3
71;2025;14.3;39.2;12.9
71;2026;13.9;46.5;12.3
71;2027;13.3;36.9;12.0
71;2028;13.6;23.5;12.2
71;2029;14.2;29.7;12.5
71;2030;14.5;28.2;12.7
72;2021;13.4;24.9;15.0
72;2022;13.0;21.9;15.1
72;2023;12.8;20.5;15.3
72;2024;13.4;23.4;15.4
72;2025;13.4;44.5;14.8
72;2026;13.5;42.5;14.0
72;2027;13.8;35.9;13.6
72;2028;13.7;24.6;13.6
72;2029;14.5;36.5;13.5
72;2030;14.3;37.4;13.1
73;2021;13.2;22.8;15.0
73;2022;13.1;23.0;15.1
73;2023;13.0;21.5;15.3
73;2024;13.5;30.0;15.2
73;2025;13.5;22.9;15.1
73;2026;14.1;20.7;15.3
73;2027;14.1;24.8;15.3
73;2028;13.7;27.7;15.2
73;2029;13.8;30.8;15.0
73;2030;13.4;19.5;15.1
74;2021;13.9;32.1;14.8
74;2022;13.1;22.5;14.8
74;2023;12.5;28.9;14.7
74;2024;13.3;26.4;14.7
74;2025;14.2;20.7;14.8
74;2026;13.8;20.3;15.1
74;2027;13.2;23.4;15.2
74;2028;13.2;30.0;15.1
74;2029;13.8;29.2;14.9
74;2030;13.3;21.7;14.9
75;2021;13.6;27.2;14.9
75;2022;13.1;22.3;15.0
75;2023;12.3;27.7;15.0
75;2024;13.4;22.7;15.0
75;2025;14.1;29.1;14.9
75;2026;13.5;34.9;14.6
75;2027;13.2;28.7;14.4
75;2028;13.3;25.9;14.4
75;2029;14.3;23.8;14.5
75;2030;14.6;26.6;14.6
76;2021;13.0;21.6;15.1
76;2022;13.0;22.1;15.2
76;2023;13.0;31.3;15.1
76;2024;13.5;35.3;14.7
76;2025;14.4;23.2;14.6
76;2026;14.5;52.5;13.9
76;2027;13.8;38.9;13.2
76;2028;14.4;48.3;12.6
76;2029;13.8;21.2;12.6
76;2030;14.8;23.4;13.1
77;2021;13.7;28.9;14.9
77;2022;13.1;22.8;14.9
77;2023;12.8;19.7;15.1
77;2024;13.4;20.1;15.3
77;2025;13.3;29.4;15.3
77;2026;13.2;39.9;14.7
77;2027;14.1;40.1;14.1
77;2028;14.0;27.6;13.9
77;2029;14.2;40.1;13.6
77;2030;13.1;40.9;13.1
78;2021;13.3;23.9;15.0
78;2022;13.1;22.4;15.1
78;2023;12.2;18.1;15.3
78;2024;13.3;22.5;15.5
78;2025;14.2;51.9;14.7
78;2026;13.8;38.5;13.9
78;2027;14.6;36.4;13.6
78;2028;13.9;38.9;13.2
78;2029;14.3;29.5;13.1
78;2030;13.5;32.7;13.0
79;2021;12.8;19.8;15.1
79;2022;13.1;22.5;15.3
79;2023;13.3;25.2;15.3
79;2024;14.0;26.8;15.2
79;2025;13.9;23.2;15.2
79;2026;13.9;40.7;14.8
79;2027;12.7;26.0;14.5
79;2028;14.4;38.8;14.2
79;2029;13.8;28.2;14.0
79;2030;15.0;22.2;14.2
80;2021;13.7;28.3;14.9
80;2022;13.2;23.9;14.9
80;2023;11.8;29.8;14.8
80;2024;14.8;36.3;14.4
80;2025;14.3;40.6;13.9
80;2026;13.7;21.1;13.9
80;2027;14.0;22.8;14.2
80;2028;13.3;42.5;13.8
80;2029;14.0;44.4;13.2
80;2030;13.7;39.3;12.7
81;2021;13.3;24.2;15.0
81;2022;14.1;34.3;14.8
81;2023;13.1;21.7;14.7
81;2024;13.3;22.3;14.9
81;2025;13.5;18.6;15.2
81;2026;13.4;25.7;15.2
81;2027;13.0;27.6;15.1
81;2028;13.8;24.3;15.1
81;2029;14.5;29.7;15.0
81;2030;13.3;23.9;15.0
82;2021;13.1;22.1;15.1
82;2022;13.1;22.8;15.2
82;2023;13.2;21.2;15.3
82;2024;14.1;47.0;14.7
82;2025;13.5;32.7;14.2
82;2026;15.2;41.9;13.7
82;2027;13.4;53.1;12.8
82;2028;14.1;33.9;12.4
82;2029;13.1;32.0;12.4
82;2030;13.7;31.4;12.5
83;2021;13.6;28.2;14.9
83;2022;13.8;30.3;14.7
83;2023;12.8;25.7;14.7
83;2024;13.3;31.9;14.5
83;2025;13.9;22.9;14.5
83;2026;14.3;31.8;14.4
83;2027;14.5;22.0;14.5
83;2028;13.6;32.4;14.4
83;2029;13.8;19.9;14.5
83;2030;14.4;26.5;14.6
84;2021;13.3;24.3;15.0
84;2022;12.8;19.8;15.2
84;2023;12.9;18.8;15.4
84;2024;13.7;28.3;15.4
84;2025;13.2;38.1;14.9
84;2026;14.0;29.4;14.6
84;2027;13.6;31.3;14.4
84;2028;13.4;26.6;14.4
84;2029;15.0;25.4;14.4
84;2030;14.2;26.9;14.4
85;2021;13.0;21.4;15.1
85;2022;13.2;23.6;15.2
85;2023;12.9;24.2;15.2
85;2024;14.1;30.5;15.1
85;2025;13.8;34.5;14.7
85;2026;14.2;34.2;14.3
85;2027;13.5;23.4;14.3
85;2028;13.5;41.1;14.0
85;2029;12.9;39.7;13.5
85;2030;14.2;32.9;13.2
86;2021;13.6;27.3;14.9
86;2022;13.4;25.5;14.9
86;2023;13.5;24.1;14.9
86;2024;13.5;18.8;15.1
86;2025;13.8;20.3;15.4
86;2026;13.0;35.6;15.1
86;2027;13.1;34.1;14.7
86;2028;14.1;36.6;14.2
86;2029;13.5;26.2;14.1
86;2030;14.7;29.7;14.1
87;2021;14.0;32.6;14.8
87;2022;13.7;28.9;14.6
87;2023;13.3;22.8;14.6
87;2024;13.3;19.4;14.9
87;2025;13.6;16.4;15.3
87;2026;13.1;33.1;15.1
87;2027;12.7;20.5;15.1
87;2028;14.4;25.4;15.2
87;2029;13.7;44.0;14.6
87;2030;14.1;50.1;13.7
88;2021;13.2;23.3;15.0
88;2022;14.0;32.8;14.8
88;2023;13.2;27.8;14.7
88;2024;12.8;17.6;14.9
88;2025;13.3;29.7;14.9
88;2026;13.0;21.1;15.0
88;2027;14.1;18.9;15.2
88;2028;13.3;23.9;15.3
88;2029;13.2;32.2;15.1
88;2030;13.7;22.9;15.1
89;2021;12.8;19.5;15.1
89;2022;13.1;22.8;15.3
89;2023;13.6;32.9;15.1
89;2024;13.5;24.4;15.0
89;2025;14.0;30.3;14.8
89;2026;13.9;26.4;14.7
89;2027;14.1;22.4;14.8
89;2028;13.8;30.8;14.7
89;2029;13.7;28.4;14.6
89;2030;14.3;25.3;14.6
90;2021;13.7;28.9;14.9
90;2022;13.5;26.6;14.8
90;2023;13.5;21.6;14.9
90;2024;14.0;34.1;14.7
90;2025;13.5;28.2;14.5
90;2026;14.4;18.7;14.7
90;2027;14.0;28.9;14.8
90;2028;13.0;47.0;14.1
90;2029;14.1;39.0;13.5
90;2030;13.8;37.3;13.1
91;2021;13.9;31.0;14.8
91;2022;13.4;26.2;14.7
91;2023;12.2;18.4;14.9
91;2024;14.0;25.2;15.1
91;2025;13.1;23.3;15.1
91;2026;13.7;38.6;14.7
91;2027;13.2;36.1;14.2
91;2028;13.6;35.6;13.9
91;2029;13.8;43.1;13.3
91;2030;14.0;52.1;12.5
92;2021;13.4;25.9;15.0
92;2022;13.5;26.7;14.9
92;2023;13.3;26.5;14.9
92;2024;13.8;31.3;14.7
92;2025;14.0;30.9;14.5
92;2026;14.2;23.7;14.5
92;2027;13.9;20.4;14.7
92;2028;14.0;20.1;15.0
92;2029;14.5;27.3;15.0
92;2030;13.7;23.8;15.0
93;2021;14.1;34.4;14.7
93;2022;13.2;23.6;14.6
93;2023;13.1;26.7;14.7
93;2024;14.0;23.4;14.8
93;2025;14.0;20.1;15.0
93;2026;13.5;27.6;15.0
93;2027;13.3;20.7;15.1
93;2028;13.0;21.6;15.2
93;2029;13.5;28.4;15.2
93;2030;14.1;19.2;15.3
94;2021;12.5;17.4;15.2
94;2022;13.6;28.3;15.2
94;2023;12.5;17.8;15.3
94;2024;13.6;20.8;15.6
94;2025;13.1;24.4;15.6
94;2026;13.3;27.0;15.5
94;2027;13.6;21.1;15.5
94;2028;13.9;31.3;15.3
94;2029;14.5;21.4;15.3
94;2030;13.9;31.6;15.1
95;2021;12.7;18.8;15.2
95;2022;13.6;28.0;15.2
95;2023;12.6;34.2;14.8
95;2024;15.3;28.4;14.6
95;2025;14.6;23.5;14.7
95;2026;14.0;29.6;14.6
95;2027;14.1;15.9;14.9
95;2028;12.5;26.2;15.0
95;2029;13.8;27.6;14.9
95;2030;14.2;29.2;14.8
96;2021;13.2;23.8;15.0
96;2022;14.0;32.5;14.8
96;2023;13.1;27.3;14.7
96;2024;14.8;24.2;14.7
96;2025;14.1;24.4;14.8
96;2026;13.6;29.4;14.7
96;2027;13.6;24.6;14.7
96;2028;14.1;26.3;14.7
96;2029;13.6;23.5;14.8
96;2030;14.1;22.8;14.9
97;2021;13.9;30.8;14.8
97;2022;13.0;21.4;14.9
97;2023;13.1;16.9;15.2
97;2024;13.3;26.7;15.3
97;2025;12.9;23.3;15.3
97;2026;13.8;27.8;15.2
97;2027;13.9;39.1;14.7
97;2028;14.8;20.5;14.7
97;2029;13.8;24.5;14.8
97;2030;14.1;23.1;14.9
98;2021;13.8;30.0;14.8
98;2022;13.0;31.4;14.6
98;2023;13.0;29.6;14.4
98;2024;13.7;39.0;14.0
98;2025;13.3;43.0;13.4
98;2026;13.9;40.2;12.9
98;2027;14.1;33.1;12.7
98;2028;14.0;36.0;12.6
98;2029;13.5;35.0;12.5
98;2030;13.7;39.9;12.2
99;2021;13.3;23.9;15.0
99;2022;13.1;22.4;15.1
99;2023;12.9;24.0;15.2
99;2024;11.7;21.3;15.3
99;2025;13.8;17.0;15.6
99;2026;13.3;16.8;15.9
99;2027;13.9;25.2;15.9
99;2028;14.5;22.2;15.9
99;2029;13.1;28.8;15.7
99;2030;12.9;25.3;15.5
100;2021;13.2;23.8;15.0
100;2022;13.5;26.4;15.0
100;2023;13.1;26.8;14.9
100;2024;14.4;41.8;14.5
100;2025;14.0;23.9;14.3
100;2026;14.9;22.4;14.5
100;2027;13.9;24.8;14.6
100;2028;13.2;25.6;14.7
100;2029;13.9;21.2;14.8
100;2030;13.6;24.7;14.9
101;2021;13.7;29.1;14.9
101;2022;13.3;24.2;14.9
101;2023;13.2;28.1;14.8
101;2024;13.6;35.0;14.5
101;2025;13.2;32.2;14.2
101;2026;13.6;31.1;14.0
101;2027;13.4;34.5;13.8
101;2028;13.3;38.7;13.4
101;2029;14.1;33.7;13.2
101;2030;14.4;33.2;13.0
102;2021;14.8;45.4;14.4
102;2022;13.2;34.5;13.9
102;2023;13.0;35.1;13.6
102;2024;13.8;31.6;13.4
102;2025;13.8;41.4;13.1
102;2026;13.3;37.1;12.7
102;2027;12.7;37.5;12.5
102;2028;14.4;27.3;12.6
102;2029;14.3;37.9;12.5
102;2030;13.9;35.7;12.3
103;2021;14.0;32.4;14.8
103;2022;14.0;33.4;14.5
103;2023;14.0;21.9;14.5
103;2024;14.0;34.8;14.3
103;2025;13.5;20.1;14.4
103;2026;14.5;31.5;14.4
103;2027;12.9;30.9;14.2
103;2028;13.7;28.3;14.1
103;2029;13.5;49.9;13.5
103;2030;13.5;30.2;13.2
104;2021;13.4;25.6;15.0
104;2022;12.8;20.2;15.1
104;2023;13.0;34.4;14.9
104;2024;14.2;22.7;14.9
104;2025;14.6;22.5;15.0
104;2026;13.5;26.9;15.0
104;2027;14.3;27.3;14.9
104;2028;13.2;25.6;14.9
104;2029;13.7;28.9;14.8
104;2030;14.0;22.6;14.8
105;2021;13.3;24.6;15.0
105;2022;12.9;21.1;15.1
105;2023;13.6;30.8;15.0
105;2024;14.2;31.3;14.8
105;2025;14.3;24.2;14.7
105;2026;14.2;19.7;14.9
105;2027;14.2;25.3;15.0
105;2028;13.8;35.9;14.7
105;2029;13.9;35.8;14.3
105;2030;13.3;23.0;14.3
106;2021;13.8;30.4;14.8
106;2022;13.4;37.8;14.4
106;2023;12.9;31.9;14.1
106;2024;14.0;33.6;13.9
106;2025;13.5;49.6;13.2
106;2026;13.5;44.9;12.5
106;2027;13.7;29.3;12.4
106;2028;14.2;30.6;12.5
106;2029;14.8;27.4;12.7
106;2030;14.4;43.2;12.4
107;2021;12.9;20.6;15.1
107;2022;13.2;23.5;15.2
107;2023;13.1;26.4;15.2
107;2024;14.2;32.1;15.0
107;2025;14.0;20.8;15.0
107;2026;13.4;28.1;15.0
107;2027;13.3;21.0;15.0
107;2028;14.0;24.7;15.1
107;2029;13.6;22.9;15.2
107;2030;13.8;22.6;15.3
108;2021;12.9;21.0;15.1
108;2022;13.0;22.1;15.2
108;2023;13.9;25.9;15.2
108;2024;13.1;23.8;15.2
108;2025;13.9;19.4;15.4
108;2026;13.6;21.0;15.6
108;2027;13.6;21.1;15.7
108;2028;13.1;24.1;15.7
108;2029;13.4;22.2;15.7
108;2030;13.4;39.4;15.3
109;2021;13.3;24.6;15.0
109;2022;14.0;32.6;14.8
109;2023;13.7;26.9;14.7
109;2024;13.7;24.0;14.7
109;2025;14.0;23.6;14.8
109;2026;13.6;23.7;14.9
109;2027;12.8;23.2;15.0
109;2028;13.4;31.0;14.9
109;2029;13.9;35.1;14.5
109;2030;13.7;24.0;14.5
110;2021;13.1;22.6;15.0
110;2022;13.3;35.9;14.8
110;2023;12.8;34.2;14.4
110;2024;13.6;36.5;14.0
110;2025;13.5;29.2;13.8
110;2026;13.2;34.3;13.7
110;2027;13.1;33.5;13.5
110;2028;13.6;40.6;13.1
110;2029;13.8;43.2;12.6
110;2030;14.1;23.5;12.7
111;2021;13.2;23.5;15.0
111;2022;13.9;32.2;14.8
111;2023;13.0;36.7;14.4
111;2024;12.8;26.6;14.3
111;2025;13.9;31.1;14.2
111;2026;13.7;44.2;13.7
111;2027;14.2;37.6;13.2
111;2028;14.2;31.5;13.0
111;2029;14.0;39.5;12.8
111;2030;14.0;22.4;12.9
112;2021;13.5;26.6;14.9
112;2022;13.0;32.4;14.7
112;2023;12.6;31.7;14.5
112;2024;13.9;41.2;14.0
112;2025;13.6;41.8;13.4
112;2026;13.8;26.8;13.3
112;2027;14.0;24.2;13.5
112;2028;13.9;19.8;13.9
112;2029;13.9;40.6;13.7
112;2030;13.3;32.4;13.4
113;2021;13.6;27.9;14.9
113;2022;12.8;20.0;15.0
113;2023;13.2;28.0;15.0
113;2024;13.5;24.5;15.0
113;2025;13.2;27.3;15.0
113;2026;14.2;26.7;14.9
113;2027;13.9;25.4;14.9
113;2028;13.9;24.1;14.9
113;2029;14.0;18.3;15.1
113;2030;13.7;23.5;15.3
114;2021;13.6;27.3;14.9
114;2022;13.1;22.8;15.0
114;2023;13.8;20.5;15.1
114;2024;14.1;27.0;15.2
114;2025;13.4;31.7;14.9
114;2026;13.9;24.6;14.8
114;2027;14.0;26.3;14.8
114;2028;13.5;22.6;14.9
114;2029;14.5;27.4;14.9
114;2030;13.8;30.1;14.8
115;2021;14.0;33.0;14.8
115;2022;13.3;24.8;14.7
115;2023;12.4;25.2;14.7
115;2024;13.8;26.8;14.7
115;2025;13.9;21.7;14.8
115;2026;13.9;24.8;14.9
115;2027;13.2;18.8;15.1
115;2028;14.6;17.7;15.4
115;2029;13.7;24.9;15.5
115;2030;13.8;27.6;15.4
116;2021;13.8;29.6;14.8
116;2022;13.2;23.3;14.9
116;2023;13.0;37.3;14.6
116;2024;14.2;46.6;13.8
116;2025;13.7;20.1;13.8
116;2026;13.7;42.0;13.5
116;2027;13.2;28.2;13.4
116;2028;14.9;29.4;13.4
116;2029;14.0;28.1;13.5
116;2030;13.4;22.1;13.7
117;2021;13.3;24.1;15.0
117;2022;13.4;25.5;15.0
117;2023;12.5;21.0;15.1
117;2024;14.1;26.8;15.1
117;2025;13.4;29.6;15.0
117;2026;13.9;31.5;14.7
117;2027;14.3;29.4;14.5
117;2028;13.7;21.9;14.6
117;2029;14.4;25.4;14.7
117;2030;14.4;26.4;14.7
118;2021;13.6;27.9;14.9
118;2022;13.6;27.5;14.8
118;2023;13.1;25.3;14.8
118;2024;14.1;35.2;14.5
118;2025;13.9;23.7;14.5
118;2026;14.5;25.1;14.6
118;2027;13.3;27.8;14.6
118;2028;13.1;37.7;14.2
118;2029;13.9;35.3;13.8
118;2030;13.9;42.2;13.3
119;2021;13.1;22.3;15.1
119;2022;13.0;22.1;15.2
119;2023;12.6;18.7;15.4
119;2024;14.0;16.0;15.7
119;2025;13.2;28.9;15.7
119;2026;12.6;25.1;15.5
119;2027;14.5;24.4;15.5
119;2028;13.6;32.3;15.2
119;2029;14.3;22.0;15.2
119;2030;13.9;33.3;15.0
120;2021;14.1;34.8;14.7
120;2022;14.2;36.1;14.3
120;2023;13.1;34.7;13.9
120;2024;12.9;20.2;14.1
120;2025;14.6;25.6;14.3
120;2026;13.2;32.9;14.1
120;2027;12.9;34.2;13.9
120;2028;13.9;25.0;13.9
120;2029;14.0;30.0;13.9
120;2030;14.5;23.4;14.0
121;2021;13.6;27.9;14.9
121;2022;12.8;19.5;15.0
121;2023;12.8;24.7;15.1
121;2024;13.4;27.0;15.1
121;2025;13.8;28.3;15.0
121;2026;13.9;24.9;14.9
121;2027;14.0;38.0;14.6
121;2028;13.7;29.4;14.3
121;2029;13.7;26.5;14.3
121;2030;13.6;21.8;14.5
122;2021;13.5;26.0;15.0
122;2022;14.4;40.1;14.5
122;2023;13.8;23.4;14.4
122;2024;13.8;22.4;14.6
122;2025;13.7;23.1;14.7
122;2026;13.4;31.0;14.7
122;2027;14.4;20.9;14.7
122;2028;14.1;21.8;14.9
122;2029;13.8;28.1;14.9
122;2030;14.4;39.4;14.5
123;2021;12.8;20.1;15.1
123;2022;13.8;42.7;14.7
123;2023;12.9;34.1;14.2
123;2024;13.9;33.7;13.9
123;2025;13.7;46.7;13.3
123;2026;13.5;36.6;12.9
123;2027;13.6;44.9;12.4
123;2028;13.4;32.5;12.2
123;2029;14.6;30.5;12.3
123;2030;13.9;28.4;12.5
124;2021;14.3;37.9;14.6
124;2022;12.5;17.5;14.7
124;2023;13.2;22.2;14.9
124;2024;13.9;22.7;15.1
124;2025;13.6;28.7;15.0
124;2026;13.5;20.6;15.1
124;2027;13.5;19.4;15.3
124;2028;13.8;24.9;15.4
124;2029;14.3;22.9;15.4
124;2030;13.4;31.2;15.2
125;2021;13.0;21.8;15.1
125;2022;13.3;24.2;15.1
125;2023;13.4;27.2;15.1
125;2024;13.8;22.5;15.1
125;2025;14.1;15.4;15.4
125;2026;13.4;27.8;15.5
125;2027;13.8;31.7;15.2
125;2028;13.1;20.9;15.2
125;2029;12.8;18.8;15.4
125;2030;14.1;33.5;15.2
126;2021;13.5;27.0;14.9
126;2022;13.7;29.4;14.8
126;2023;12.4;23.7;14.8
126;2024;13.1;21.7;14.9
126;2025;13.7;26.1;15.0
126;2026;13.4;29.4;14.9
126;2027;13.3;28.8;14.7
126;2028;13.7;26.0;14.7
126;2029;14.1;20.9;14.8
126;2030;14.2;20.8;15.0
127;2021;13.0;21.4;15.1
127;2022;13.7;29.5;15.0
127;2023;12.7;29.5;14.8
127;2024;13.7;20.8;14.9
127;2025;14.2;29.1;14.9
127;2026;13.3;24.5;14.9
127;2027;12.6;31.5;14.7
127;2028;13.4;35.9;14.3
127;2029;14.3;42.9;13.8
127;2030;13.8;37.2;13.3
128;2021;13.1;22.7;15.0
128;2022;14.2;36.8;14.8
128;2023;12.8;22.3;14.7
128;2024;14.6;22.6;14.8
128;2025;13.6;23.9;14.9
128;2026;13.5;42.8;14.5
128;2027;12.2;33.0;14.0
128;2028;13.6;48.6;13.4
128;2029;13.9;34.7;12.9
128;2030;14.3;41.1;12.6
129;2021;13.2;23.5;15.0
129;2022;14.1;35.3;14.8
129;2023;12.8;18.1;14.8
129;2024;12.9;27.1;14.9
129;2025;13.1;31.4;14.7
129;2026;13.9;25.8;14.6
129;2027;13.7;31.7;14.5
129;2028;14.1;21.1;14.6
129;2029;14.5;19.1;14.9
129;2030;13.9;28.7;14.9
130;2021;13.3;24.4;15.0
130;2022;13.7;29.5;14.9
130;2023;12.4;20.0;15.0
130;2024;13.2;21.3;15.2
130;2025;12.9;16.6;15.5
130;2026;14.6;36.6;15.2
130;2027;14.2;22.9;15.1
130;2028;14.4;26.1;15.1
130;2029;13.8;25.9;15.0
130;2030;13.9;22.6;15.1
131;2021;13.4;24.9;15.0
131;2022;13.0;21.4;15.1
131;2023;13.6;47.4;14.5
131;2024;13.1;29.6;14.1
131;2025;14.7;35.8;13.8
131;2026;13.6;23.8;13.9
131;2027;13.9;32.8;13.8
131;2028;13.4;31.9;13.7
131;2029;14.6;25.4;13.7
131;2030;14.4;17.2;14.1
132;2021;13.4;25.6;15.0
132;2022;13.9;31.9;14.8
132;2023;12.8;20.2;14.8
132;2024;14.0;36.1;14.6
132;2025;13.4;29.8;14.4
132;2026;14.6;22.1;14.5
132;2027;13.2;22.3;14.7
132;2028;13.7;25.8;14.8
132;2029;14.4;23.8;14.8
132;2030;13.6;21.0;15.0
133;2021;13.9;31.2;14.8
133;2022;13.8;30.1;14.6
133;2023;13.6;27.4;14.5
133;2024;13.8;25.4;14.5
133;2025;14.1;23.2;14.7
133;2026;13.7;23.7;14.8
133;2027;13.3;29.0;14.7
133;2028;13.5;22.5;14.8
133;2029;13.8;27.8;14.8
133;2030;13.7;19.4;14.9
134;2021;12.9;20.5;15.1
134;2022;12.9;20.4;15.3
134;2023;13.2;24.0;15.4
134;2024;13.0;25.2;15.4
134;2025;13.8;37.9;15.0
134;2026;13.7;22.5;14.8
134;2027;14.1;24.5;14.9
134;2028;13.6;22.2;15.0
134;2029;15.0;24.1;15.1
134;2030;13.6;20.9;15.2
135;2021;13.8;30.7;14.8
135;2022;12.9;20.7;14.9
135;2023;12.2;29.7;14.8
135;2024;13.5;38.2;14.4
135;2025;14.3;27.5;14.2
135;2026;14.7;23.4;14.3
135;2027;13.6;24.1;14.5
135;2028;13.7;30.6;14.4
135;2029;14.2;24.4;14.4
135;2030;13.7;27.6;14.5
136;2021;13.5;26.4;14.9
136;2022;12.6;18.6;15.1
136;2023;12.3;19.7;15.4
136;2024;14.0;25.3;15.4
136;2025;13.3;22.9;15.4
136;2026;13.7;29.0;15.3
136;2027;14.0;24.7;15.2
136;2028;13.1;22.0;15.3
136;2029;13.8;24.8;15.3
136;2030;14.2;21.8;15.4
137;2021;14.1;34.4;14.7
137;2022;13.0;22.0;14.7
137;2023;12.5;20.6;14.9
137;2024;13.4;28.5;14.9
137;2025;13.4;35.2;14.6
137;2026;14.0;28.2;14.4
137;2027;13.9;38.2;14.1
137;2028;13.0;26.2;13.9
137;2029;14.8;45.0;13.5
137;2030;14.1;26.9;13.3
138;2021;13.3;24.5;15.0
138;2022;13.6;27.8;14.9
138;2023;12.9;36.2;14.6
138;2024;14.1;44.0;13.9
138;2025;14.5;40.8;13.3
138;2026;14.3;44.7;12.7
138;2027;14.0;53.5;11.9
138;2028;14.2;32.8;11.6
138;2029;15.0;37.6;11.6
138;2030;13.6;25.9;11.8
139;2021;13.0;21.3;15.1
139;2022;13.1;22.5;15.2
139;2023;12.5;20.5;15.4
139;2024;13.5;20.9;15.5
139;2025;13.4;22.6;15.6
139;2026;13.3;34.4;15.3
139;2027;13.4;29.5;15.0
139;2028;14.4;28.2;14.9
139;2029;14.4;26.4;14.8
139;2030;13.7;23.7;14.8
140;2021;14.2;35.2;14.7
140;2022;13.6;28.0;14.5
140;2023;13.2;23.7;14.6
140;2024;13.3;28.7;14.5
140;2025;13.7;28.4;14.5
140;2026;14.0;28.0;14.4
140;2027;13.3;30.2;14.3
140;2028;13.2;21.7;14.4
140;2029;14.3;27.0;14.5
140;2030;14.1;28.5;14.4
141;2021;13.0;21.3;15.1
141;2022;13.4;26.1;15.1
141;2023;12.2;22.6;15.2
141;2024;12.4;21.5;15.3
141;2025;13.6;22.6;15.4
141;2026;13.3;33.2;15.2
141;2027;12.7;24.0;15.0
141;2028;13.6;22.8;15.1
141;2029;13.8;24.3;15.2
141;2030;14.5;21.6;15.3
142;2021;13.0;21.9;15.1
142;2022;12.8;19.7;15.3
142;2023;13.4;25.3;15.3
142;2024;13.6;26.1;15.3
142;2025;13.9;32.8;15.0
142;2026;12.8;38.7;14.5
142;2027;13.4;35.3;14.1
142;2028;13.9;33.3;13.8
142;2029;13.9;25.6;13.8
142;2030;14.3;34.4;13.7
143;2021;14.5;41.2;14.5
143;2022;13.7;28.8;14.2
143;2023;12.6;18.3;14.5
143;2024;13.2;19.8;14.8
143;2025;13.1;21.1;15.0
143;2026;13.1;18.6;15.3
143;2027;14.1;28.6;15.3
143;2028;13.9;21.2;15.3
143;2029;13.6;26.5;15.3
143;2030;13.1;38.2;14.9
144;2021;13.7;29.4;14.9
144;2022;14.1;34.9;14.5
144;2023;13.2;28.1;14.4
144;2024;13.9;28.7;14.3
144;2025;14.0;30.4;14.2
144;2026;14.4;28.9;14.1
144;2027;14.1;27.8;14.1
144;2028;14.0;16.9;14.4
144;2029;13.8;26.6;14.6
144;2030;13.8;18.9;14.8
145;2021;13.9;32.1;14.8
145;2022;14.8;46.6;14.1
145;2023;13.3;35.1;13.6
145;2024;15.0;27.2;13.6
145;2025;14.6;24.1;13.7
145;2026;13.9;23.7;14.0
145;2027;14.0;20.8;14.3
145;2028;14.3;22.7;14.5
145;2029;13.9;17.2;14.8
145;2030;13.7;31.7;14.8
146;2021;13.4;24.9;15.0
146;2022;12.7;19.1;15.2
146;2023;12.9;34.5;15.0
146;2024;13.7;30.3;14.7
146;2025;14.6;32.8;14.4
146;2026;14.1;19.1;14.6
146;2027;13.6;22.2;14.8
146;2028;14.0;37.7;14.5
146;2029;14.6;28.7;14.3
146;2030;13.2;27.2;14.3
147;2021;12.1;14.4;15.3
147;2022;13.2;24.1;15.5
147;2023;13.2;26.6;15.4
147;2024;14.1;34.8;15.0
147;2025;14.0;27.8;14.8
147;2026;14.5;36.2;14.5
147;2027;13.1;43.1;13.9
147;2028;13.9;35.3;13.4
147;2029;14.2;52.5;12.7
147;2030;14.7;36.1;12.2
148;2021;13.3;24.5;15.0
148;2022;12.7;18.8;15.2
148;2023;12.4;21.5;15.4
148;2024;13.9;29.6;15.3
148;2025;13.5;29.0;15.1
148;2026;14.1;33.4;14.8
148;2027;14.2;30.4;14.5
148;2028;13.3;23.9;14.5
148;2029;14.3;21.2;14.7
148;2030;14.5;26.7;14.8
149;2021;13.2;23.3;15.0
149;2022;13.3;24.6;15.1
149;2023;13.3;23.8;15.1
149;2024;13.4;34.0;14.9
149;2025;13.7;26.1;14.7
149;2026;14.4;44.2;14.2
149;2027;13.8;25.3;14.0
149;2028;14.4;25.5;14.1
149;2029;14.1;26.1;14.2
149;2030;15.2;27.4;14.2
150;2021;13.1;22.3;15.1
150;2022;13.2;23.3;15.2
150;2023;13.0;23.8;15.2
150;2024;12.8;31.1;15.0
150;2025;13.7;21.0;15.1
150;2026;14.2;28.3;15.0
150;2027;14.3;19.9;15.1
150;2028;13.2;22.1;15.3
150;2029;13.6;31.1;15.1
150;2030;14.1;28.6;14.9
151;2021;13.4;25.4;15.0
151;2022;13.2;24.1;15.0
151;2023;13.2;22.9;15.1
151;2024;14.3;36.3;14.8
151;2025;13.7;30.4;14.5
151;2026;13.7;36.8;14.2
151;2027;13.7;37.2;13.7
151;2028;14.0;33.5;13.5
151;2029;13.5;44.0;13.0
151;2030;13.9;36.7;12.6
152;2021;13.4;25.9;15.0
152;2022;13.3;24.3;15.0
152;2023;12.7;26.5;15.0
152;2024;13.2;22.7;15.0
152;2025;14.0;42.2;14.6
152;2026;13.5;34.2;14.1
152;2027;14.1;35.6;13.8
152;2028;13.5;38.9;13.4
152;2029;14.1;31.6;13.2
152;2030;14.5;43.1;12.8
153;2021;14.0;32.9;14.8
153;2022;13.6;28.3;14.6
153;2023;13.0;18.7;14.8
153;2024;13.3;23.6;15.0
153;2025;13.2;16.9;15.2
153;2026;13.6;33.1;15.1
153;2027;13.7;17.4;15.2
153;2028;13.6;28.3;15.2
153;2029;13.1;31.6;15.0
153;2030;14.5;35.3;14.6
154;2021;13.7;28.8;14.9
154;2022;13.8;30.9;14.7
154;2023;12.7;21.2;14.7
154;2024;12.7;19.1;15.0
154;2025;13.5;21.0;15.2
154;2026;13.1;19.9;15.4
154;2027;12.8;18.6;15.6
154;2028;13.6;32.6;15.5
154;2029;13.6;38.8;14.9
154;2030;13.3;24.4;14.7
155;2021;13.5;26.2;14.9
155;2022;13.5;26.3;14.9
155;2023;13.1;23.2;15.0
155;2024;12.9;27.8;14.9
155;2025;13.7;22.4;15.0
155;2026;13.9;21.7;15.1
155;2027;14.2;31.1;15.0
155;2028;13.8;28.8;14.8
155;2029;13.7;22.1;14.9
155;2030;13.5;32.2;14.7
156;2021;13.3;23.9;15.0
156;2022;13.4;26.1;15.0
156;2023;13.2;34.5;14.7
156;2024;14.2;46.9;14.0
156;2025;14.6;43.3;13.3
156;2026;14.4;29.6;13.1
156;2027;14.1;37.2;12.9
156;2028;13.2;34.2;12.7
156;2029;14.1;37.8;12.5
156;2030;13.2;30.6;12.5
157;2021;13.1;22.8;15.0
157;2022;13.1;22.6;15.2
157;2023;13.3;24.2;15.2
157;2024;13.0;24.6;15.2
157;2025;13.8;43.6;14.7
157;2026;13.7;29.2;14.3
157;2027;14.2;39.5;13.9
157;2028;13.1;39.6;13.4
157;2029;14.2;44.0;12.9
157;2030;14.1;30.5;12.7
158;2021;13.6;27.2;14.9
158;2022;13.4;25.6;14.9
158;2023;13.7;24.7;14.9
158;2024;14.5;26.7;14.9
158;2025;13.8;31.5;14.7
158;2026;13.8;25.3;14.6
158;2027;13.7;26.5;14.7
158;2028;12.6;20.2;14.8
158;2029;14.5;27.8;14.9
158;2030;13.9;25.1;14.8
159;2021;13.6;28.1;14.9
159;2022;13.1;23.1;14.9
159;2023;13.6;28.9;14.9
159;2024;14.3;28.6;14.7
159;2025;14.2;26.3;14.7
159;2026;14.0;35.8;14.4
159;2027;13.8;20.5;14.4
159;2028;14.7;21.9;14.7
159;2029;14.1;32.7;14.6
159;2030;14.7;32.3;14.3
160;2021;13.3;24.0;15.0
160;2022;13.8;30.5;14.9
160;2023;13.4;30.5;14.7
160;2024;14.0;26.0;14.6
160;2025;14.3;23.9;14.7
160;2026;13.8;38.4;14.4
160;2027;13.4;30.5;14.1
160;2028;14.3;24.9;14.1
160;2029;13.9;35.4;14.0
160;2030;14.0;38.9;13.5
161;2021;13.8;29.7;14.8
161;2022;13.7;29.3;14.7
161;2023;13.1;26.4;14.6
161;2024;14.0;29.1;14.5
161;2025;14.5;33.0;14.3
161;2026;14.5;49.5;13.6
161;2027;13.5;34.1;13.1
161;2028;13.2;29.7;13.1
161;2029;13.3;28.3;13.2
161;2030;14.1;39.5;13.0
162;2021;12.8;20.0;15.1
162;2022;12.5;17.8;15.4
162;2023;12.6;21.9;15.6
162;2024;13.0;19.4;15.7
162;2025;14.2;28.5;15.6
162;2026;13.9;30.0;15.4
162;2027;14.0;20.3;15.4
162;2028;14.1;28.1;15.3
162;2029;14.0;21.4;15.3
162;2030;13.2;30.0;15.2
163;2021;14.3;37.3;14.6
163;2022;13.1;23.1;14.5
163;2023;11.9;15.7;14.9
163;2024;14.1;30.7;14.9
163;2025;14.0;29.7;14.7
163;2026;13.7;50.8;14.0
163;2027;13.2;37.3;13.3
163;2028;14.6;37.4;13.0
163;2029;13.6;31.8;12.9
163;2030;13.5;31.1;12.9
164;2021;13.4;25.8;15.0
164;2022;14.0;32.5;14.7
164;2023;13.2;29.1;14.6
164;2024;14.2;24.2;14.6
164;2025;14.2;25.8;14.6
164;2026;13.6;30.1;14.5
164;2027;12.6;30.1;14.4
164;2028;13.9;25.3;14.4
164;2029;14.1;27.2;14.4
164;2030;14.3;19.9;14.6
165;2021;13.6;28.0;14.9
165;2022;13.3;24.3;14.9
165;2023;12.7;27.1;14.9
165;2024;13.8;25.3;14.9
165;2025;14.0;24.3;14.9
165;2026;13.7;27.7;14.9
165;2027;14.1;39.0;14.4
165;2028;14.0;30.9;14.1
165;2029;13.9;23.2;14.2
165;2030;14.1;40.3;13.9
166;2021;14.1;34.9;14.7
166;2022;13.0;21.5;14.7
166;2023;12.9;25.4;14.8
166;2024;14.0;26.4;14.8
166;2025;13.9;24.8;14.8
166;2026;13.8;28.7;14.7
166;2027;13.6;27.7;14.6
166;2028;13.5;34.5;14.4
166;2029;14.0;22.8;14.4
166;2030;14.2;30.9;14.3
167;2021;13.7;29.0;14.9
167;2022;13.8;30.4;14.7
167;2023;12.4;29.5;14.5
167;2024;13.4;34.1;14.3
167;2025;14.4;34.4;13.9
167;2026;13.5;23.9;14.0
167;2027;13.5;20.9;14.3
167;2028;13.6;24.8;14.4
167;2029;13.6;28.7;14.4
167;2030;13.8;17.8;14.6
168;2021;13.7;28.7;14.9
168;2022;13.5;26.3;14.8
168;2023;13.1;40.5;14.4
168;2024;14.0;22.9;14.3
168;2025;15.0;24.6;14.4
168;2026;13.5;23.8;14.6
168;2027;14.3;26.5;14.6
168;2028;13.6;25.7;14.6
168;2029;14.0;31.8;14.5
168;2030;13.7;18.2;14.6
169;2021;13.4;25.3;15.0
169;2022;13.8;43.0;14.5
169;2023;12.0;25.6;14.2
169;2024;13.7;38.3;14.0
169;2025;13.9;33.7;13.6
169;2026;14.0;43.3;13.2
169;2027;13.5;35.8;12.8
169;2028;14.2;33.3;12.7
169;2029;14.7;33.1;12.6
169;2030;13.9;23.4;12.9
170;2021;13.3;23.9;15.0
170;2022;14.0;32.8;14.8
170;2023;13.2;40.1;14.3
170;2024;14.0;29.8;14.0
170;2025;12.9;16.5;14.3
170;2026;12.6;15.7;14.8
170;2027;13.3;37.9;14.6
170;2028;13.7;22.2;14.6
170;2029;15.0;21.4;14.8
170;2030;13.6;19.0;15.1
171;2021;13.2;23.7;15.0
171;2022;13.0;21.5;15.1
171;2023;13.0;29.4;15.1
171;2024;13.1;30.4;14.8
171;2025;14.2;30.2;14.6
171;2026;14.2;20.5;14.8
171;2027;13.5;20.3;15.0
171;2028;13.6;29.1;15.0
171;2029;14.4;29.3;14.8
171;2030;13.4;28.1;14.7
172;2021;12.6;17.8;15.2
172;2022;13.0;21.9;15.4
172;2023;12.1;22.5;15.5
172;2024;14.1;22.8;15.5
172;2025;13.6;23.6;15.5
172;2026;13.5;22.3;15.6
172;2027;14.4;28.2;15.5
172;2028;13.9;21.2;15.5
172;2029;13.9;18.8;15.7
172;2030;13.6;34.3;15.4
173;2021;13.8;30.3;14.8
173;2022;13.7;29.8;14.6
173;2023;12.9;22.1;14.7
173;2024;14.1;18.3;15.0
173;2025;13.6;31.1;14.9
173;2026;13.0;16.1;15.1
173;2027;14.5;22.6;15.3
173;2028;13.4;18.9;15.5
173;2029;14.5;26.5;15.5
173;2030;12.8;30.1;15.3
174;2021;12.9;20.7;15.1
174;2022;13.3;35.7;14.9
174;2023;12.9;38.6;14.3
174;2024;13.9;29.4;14.1
174;2025;14.0;28.1;14.1
174;2026;13.1;30.4;14.0
174;2027;13.4;36.5;13.7
174;2028;13.7;26.1;13.7
174;2029;13.3;50.4;13.1
174;2030;13.4;36.9;12.6
175;2021;12.8;19.2;15.1
175;2022;12.8;19.9;15.4
175;2023;13.4;22.2;15.5
175;2024;12.9;27.0;15.4
175;2025;13.6;29.9;15.2
175;2026;13.9;23.4;15.2
175;2027;14.1;37.4;14.8
175;2028;13.5;45.1;14.1
175;2029;14.2;33.4;13.7
175;2030;13.9;24.1;13.7
176;2021;13.8;30.3;14.8
176;2022;13.0;21.8;14.9
176;2023;13.1;29.7;14.8
176;2024;13.3;26.8;14.7
176;2025;14.3;32.9;14.5
176;2026;13.9;17.0;14.7
176;2027;13.4;19.0;15.0
176;2028;12.8;21.9;15.2
176;2029;14.0;20.4;15.4
176;2030;13.7;21.1;15.5
177;2021;13.1;21.9;15.1
177;2022;13.3;25.1;15.1
177;2023;12.3;19.7;15.3
177;2024;14.3;27.1;15.3
177;2025;13.3;31.1;15.0
177;2026;13.9;24.6;15.0
177;2027;15.4;37.4;14.6
177;2028;13.9;27.5;14.4
177;2029;14.5;32.7;14.2
177;2030;13.8;26.6;14.2
178;2021;12.7;18.7;15.2
178;2022;14.3;37.0;14.9
178;2023;13.7;23.4;14.8
178;2024;13.0;22.1;14.9
178;2025;13.7;26.2;15.0
178;2026;13.4;21.2;15.1
178;2027;14.3;30.5;15.0
178;2028;13.7;20.9;15.0
178;2029;14.1;24.8;15.1
178;2030;13.5;38.4;14.7
179;2021;13.1;22.0;15.1
179;2022;13.4;37.8;14.8
179;2023;13.1;38.9;14.2
179;2024;13.7;37.1;13.7
179;2025;13.6;41.2;13.3
179;2026;13.5;36.8;12.9
179;2027;14.0;24.8;13.0
179;2028;13.7;44.3;12.7
179;2029;13.6;36.3;12.4
179;2030;13.5;42.7;12.1
180;2021;13.6;27.9;14.9
180;2022;13.9;31.8;14.7
180;2023;13.2;25.2;14.6
180;2024;13.9;24.1;14.7
180;2025;13.9;21.6;14.9
180;2026;13.6;40.5;14.5
180;2027;13.4;32.3;14.1
180;2028;14.3;39.2;13.7
180;2029;13.6;55.9;12.8
180;2030;15.0;42.0;12.1
181;2021;13.3;24.8;15.0
181;2022;13.8;30.1;14.9
181;2023;13.6;34.1;14.5
181;2024;13.3;31.6;14.3
181;2025;14.6;35.7;14.0
181;2026;14.2;21.0;14.1
181;2027;14.5;20.7;14.4
181;2028;13.3;19.5;14.7
181;2029;14.2;23.5;14.9
181;2030;14.6;26.6;14.9
182;2021;12.8;19.9;15.1
182;2022;13.5;27.1;15.1
182;2023;13.3;24.6;15.1
182;2024;13.8;37.0;14.8
182;2025;13.8;22.6;14.7
182;2026;14.6;25.3;14.8
182;2027;13.4;40.9;14.4
182;2028;13.7;22.9;14.3
182;2029;14.7;22.7;14.5
182;2030;14.0;25.8;14.6
183;2021;14.2;35.7;14.7
183;2022;13.6;27.5;14.5
183;2023;12.5;20.2;14.7
183;2024;13.9;29.9;14.7
183;2025;13.4;31.9;14.4
183;2026;14.1;22.3;14.5
183;2027;13.0;33.2;14.4
183;2028;13.5;24.0;14.4
183;2029;14.6;42.5;14.0
183;2030;13.6;43.7;13.3
184;2021;13.5;26.8;14.9
184;2022;13.4;25.8;14.9
184;2023;13.4;29.5;14.8
184;2024;13.4;27.4;14.7
184;2025;14.2;33.0;14.5
184;2026;13.9;29.6;14.3
184;2027;14.2;21.7;14.4
184;2028;14.1;29.1;14.4
184;2029;14.6;25.4;14.4
184;2030;14.2;30.8;14.4
185;2021;13.7;28.3;14.9
185;2022;13.0;21.8;14.9
185;2023;12.6;27.6;14.9
185;2024;13.9;25.7;14.9
185;2025;14.1;23.8;14.9
185;2026;13.8;19.8;15.1
185;2027;12.9;21.6;15.3
185;2028;14.1;28.8;15.2
185;2029;13.9;25.8;15.1
185;2030;13.3;32.0;14.9
186;2021;13.2;23.7;15.0
186;2022;13.1;22.6;15.1
186;2023;13.3;24.9;15.2
186;2024;13.0;37.5;14.8
186;2025;13.8;25.7;14.6
186;2026;14.6;28.0;14.6
186;2027;13.3;44.8;14.0
186;2028;14.2;48.2;13.2
186;2029;14.1;31.8;12.9
186;2030;13.2;34.8;12.8
187;2021;13.7;29.3;14.9
187;2022;13.7;29.6;14.7
187;2023;13.1;20.2;14.8
187;2024;14.0;21.8;15.0
187;2025;13.4;25.5;15.1
187;2026;13.4;26.8;15.0
187;2027;13.7;41.2;14.5
187;2028;13.9;24.9;14.3
187;2029;14.0;25.4;14.4
187;2030;13.6;24.8;14.5
188;2021;13.2;23.3;15.0
188;2022;13.4;25.7;15.0
188;2023;12.3;26.4;15.0
188;2024;12.5;33.6;14.7
188;2025;14.0;23.0;14.7
188;2026;14.4;21.1;14.9
188;2027;14.0;27.7;14.9
188;2028;13.3;31.4;14.7
188;2029;13.8;33.7;14.4
188;2030;13.4;23.6;14.4
189;2021;13.9;31.5;14.8
189;2022;13.7;29.5;14.6
189;2023;13.3;29.5;14.5
189;2024;13.8;27.8;14.4
189;2025;13.7;23.9;14.5
189;2026;13.9;28.0;14.5
189;2027;13.6;21.8;14.6
189;2028;14.0;22.1;14.8
189;2029;13.8;18.0;15.1
189;2030;14.4;28.8;15.1
190;2021;13.1;22.6;15.0
190;2022;13.3;24.5;15.1
190;2023;12.2;23.1;15.2
190;2024;13.1;31.0;15.0
190;2025;13.7;21.6;15.0
190;2026;14.2;27.8;15.0
190;2027;13.3;27.5;14.9
190;2028;14.0;18.5;15.1
190;2029;14.1;26.5;15.1
190;2030;12.3;29.9;15.0
191;2021;12.8;19.4;15.1
191;2022;13.1;22.5;15.3
191;2023;13.1;21.0;15.4
191;2024;13.7;19.8;15.6
191;2025;13.4;19.4;15.8
191;2026;13.1;17.5;16.0
191;2027;13.4;24.8;16.0
191;2028;13.6;23.2;15.9
191;2029;13.4;24.2;15.9
191;2030;13.0;27.3;15.7
192;2021;13.2;23.0;15.0
192;2022;14.1;34.0;14.8
192;2023;12.5;28.4;14.6
192;2024;13.7;24.9;14.6
192;2025;14.2;35.3;14.4
192;2026;13.7;26.4;14.3
192;2027;13.9;30.9;14.2
192;2028;13.8;33.9;14.0
192;2029;13.9;41.7;13.5
192;2030;13.0;34.3;13.2
193;2021;14.0;33.0;14.8
193;2022;13.7;28.9;14.6
193;2023;13.2;25.8;14.5
193;2024;12.9;27.3;14.5
193;2025;13.9;21.7;14.7
193;2026;13.9;20.8;14.9
193;2027;14.1;21.5;15.1
193;2028;12.9;26.7;15.1
193;2029;13.7;21.4;15.2
193;2030;13.4;24.5;15.2
194;2021;13.4;25.6;15.0
194;2022;13.2;23.7;15.0
194;2023;12.6;30.6;14.9
194;2024;14.0;24.2;14.8
194;2025;14.3;34.4;14.6
194;2026;13.6;37.6;14.2
194;2027;13.7;29.7;13.9
194;2028;13.5;32.7;13.8
194;2029;14.7;32.8;13.6
194;2030;13.9;38.5;13.3
195;2021;13.5;26.3;14.9
195;2022;13.7;29.5;14.8
195;2023;12.1;25.2;14.8
195;2024;13.6;27.7;14.7
195;2025;13.9;48.0;14.1
195;2026;13.9;18.5;14.0
195;2027;14.4;28.6;14.2
195;2028;13.6;22.8;14.3
195;2029;15.5;38.5;14.0
195;2030;13.1;55.8;13.1
196;2021;13.3;24.6;15.0
196;2022;13.7;29.0;14.9
196;2023;12.8;22.0;14.9
196;2024;13.1;32.7;14.8
196;2025;13.6;29.1;14.6
196;2026;13.4;32.7;14.4
196;2027;13.1;37.3;14.0
196;2028;13.4;28.7;13.8
196;2029;14.1;47.8;13.3
196;2030;13.2;44.1;12.6
197;2021;13.2;23.6;15.0
197;2022;13.3;24.3;15.1
197;2023;12.8;20.6;15.2
197;2024;13.7;34.8;15.0
197;2025;13.4;25.3;14.8
197;2026;14.5;18.5;15.0
197;2027;13.4;24.8;15.2
197;2028;14.1;18.7;15.3
197;2029;14.0;19.8;15.6
197;2030;13.1;28.8;15.5
198;2021;13.5;26.3;14.9
198;2022;13.3;35.8;14.6
198;2023;13.6;33.0;14.3
198;2024;13.3;21.6;14.4
198;2025;14.7;22.0;14.6
198;2026;14.2;22.9;14.8
198;2027;13.4;27.5;14.8
198;2028;13.5;20.2;14.9
198;2029;13.2;19.9;15.2
198;2030;13.4;34.2;15.0
199;2021;13.4;25.5;15.0
199;2022;12.4;17.0;15.2
199;2023;13.4;30.2;15.2
199;2024;13.7;25.9;15.0
199;2025;13.8;23.1;15.1
199;2026;13.2;29.9;15.0
199;2027;13.5;23.2;15.0
199;2028;14.1;20.8;15.1
199;2029;14.1;24.7;15.2
199;2030;14.0;29.0;15.1
